PORTION,CLUSTERID,ZIP,TRACT,RES_RATIO
1,4,20008,11001000100,0
1,4,20027,11001000100,1
1,4,20007,11001000100,0.197855388
1,4,20007,11001000201,0.00104252
1,4,20057,11001000201,0
1,4,20057,11001000202,0
1,4,20007,11001000202,0.156601385
1,4,20007,11001000300,0.20545089
0.348,15,20007,11001000400,0.034924417
0.348,15,20008,11001000400,0.01133876
0.348,15,20016,11001000400,0.000116666
0.348,15,20392,11001000400,0
0.003,42,20007,11001000400,0.034924417
0.003,42,20008,11001000400,0.01133876
0.003,42,20016,11001000400,0.000116666
0.003,42,20392,11001000400,0
0.649,14,20007,11001000400,0.034924417
0.649,14,20008,11001000400,0.01133876
0.649,14,20016,11001000400,0.000116666
0.649,14,20392,11001000400,0
1,15,20008,11001000501,0.104687062
1,15,20008,11001000502,0.10238563
0.861,15,20008,11001000600,0.12871176
0.861,15,20016,11001000600,0.105232456
0.139,12,20008,11001000600,0.12871176
0.139,12,20016,11001000600,0.105232456
1,14,20007,11001000701,0.050189888
1,14,20016,11001000701,0.159890334
1,14,20007,11001000702,0.183111177
0.455,13,20007,11001000801,0.061359744
0.455,13,20016,11001000801,0.131423905
0.545,14,20007,11001000801,0.061359744
0.545,14,20016,11001000801,0.131423905
1,13,20007,11001000802,0.109464592
1,13,20016,11001000901,0.191681736
1,13,20016,11001000902,0.051041241
1,11,20016,11001001001,0.159715336
1,11,20015,11001001001,0.015302013
1,11,20047,11001001001,0
1,11,20076,11001001001,0
0.982,14,20016,11001001002,0.139998833
0.018,11,20016,11001001002,0.139998833
0.441,11,20008,11001001100,0.012798204
0.441,11,20016,11001001100,0.021816485
0.441,11,20015,11001001100,0.270469799
0.542,10,20008,11001001100,0.012798204
0.542,10,20016,11001001100,0.021816485
0.542,10,20015,11001001100,0.270469799
0.017,12,20008,11001001100,0.012798204
0.017,12,20016,11001001100,0.021816485
0.017,12,20015,11001001100,0.270469799
0.334,11,20016,11001001200,0.039083008
0.334,11,20008,11001001200,0.110356441
0.666,12,20016,11001001200,0.039083008
0.666,12,20008,11001001200,0.110356441
1,12,20015,11001001301,0.001744966
1,12,20008,11001001301,0.121919731
0.467,15,20008,11001001302,0.293797362
0.533,12,20008,11001001302,0.293797362
1,10,20015,11001001401,0.199328859
1,10,20015,11001001402,0.186442953
1,10,20008,11001001402,0.002189166
1,10,20015,11001001500,0.326711409
1,16,20012,11001001600,0.280356848
0.292,19,20011,11001001702,0.002961808
0.292,19,20012,11001001702,0.20832645
0.708,17,20011,11001001702,0.002961808
0.708,17,20012,11001001702,0.20832645
1,17,20011,11001001803,0.047700702
1,17,20012,11001001803,0.069221874
1,17,20011,11001001804,0.047817615
1,17,20012,11001001804,0.151164712
1,17,20012,11001001901,0.047249298
1,17,20011,11001001901,0.05101325
1,17,20040,11001001901,1
1,17,20011,11001001902,0.03086516
1,17,20012,11001001902,0.011234099
1,18,20011,11001002001,0.042556508
1,18,20011,11001002002,0.057326578
1,18,20011,11001002101,0.083865939
0.535,18,20011,11001002102,0.085035074
0.358,17,20011,11001002102,0.085035074
0.107,19,20011,11001002102,0.085035074
1,18,20011,11001002201,0.045674201
0.268,19,20011,11001002202,0.05736555
0.732,18,20011,11001002202,0.05736555
1,18,20011,11001002301,0.04462198
1,21,20017,11001002302,0.067101134
1,21,20010,11001002302,0
1,21,20422,11001002302,0
1,18,20011,11001002400,0.052494154
1,18,20010,11001002400,0.005367096
1,18,20011,11001002501,0.038776306
1,18,20011,11001002502,0.079579112
1,18,20010,11001002502,0.027041905
1,18,20542,11001002502,0
1,18,20010,11001002600,6.88089E-05
1,18,20011,11001002600,0.038971161
1,2,20010,11001002701,0.19328425
1,2,20010,11001002702,0.132457166
1,2,20009,11001002702,0.012198419
1,2,20010,11001002801,0.127709351
1,2,20010,11001002802,0.082777128
1,2,20009,11001002802,0.030783267
1,2,20010,11001002900,0.114635657
1,2,20010,11001003000,0.064818
1,2,20009,11001003000,0.019902683
1,2,20001,11001003000,0.001773815
1,2,20010,11001003100,0.065162045
1,2,20001,11001003100,0.015676686
1,2,20001,11001003200,0.009396424
1,2,20010,11001003200,0.186678594
1,21,20002,11001003301,0.002444049
1,21,20001,11001003301,0.06601467
1,21,20422,11001003301,0
1,21,20002,11001003302,0.001641004
1,21,20001,11001003302,0.043961839
0.777,3,20001,11001003400,0.063425859
0.777,3,20060,11001003400,0
0.777,3,20059,11001003400,0
0.175,2,20001,11001003400,0.063425859
0.175,2,20060,11001003400,0
0.175,2,20059,11001003400,0
0.047,21,20001,11001003400,0.063425859
0.047,21,20060,11001003400,0
0.047,21,20059,11001003400,0
0.459,3,20059,11001003500,0
0.459,3,20001,11001003500,0.053070617
0.541,2,20059,11001003500,0
0.541,2,20001,11001003500,0.053070617
1,2,20009,11001003600,0.079948638
1,2,20001,11001003600,0.001917638
1,2,20009,11001003700,0.098364533
1,1,20009,11001003800,0.097553558
1,1,20441,11001003800,0
1,1,20009,11001003900,0.107150098
1,1,20009,11001004001,0.075015206
1,1,20008,11001004001,0.008363738
1,1,20009,11001004002,0.085997162
1,1,20235,11001004002,0
0.027,6,20008,11001004100,0.084030312
0.027,6,20037,11001004100,0
0.027,6,20009,11001004100,0.001554369
0.973,1,20008,11001004100,0.084030312
0.973,1,20037,11001004100,0
0.973,1,20009,11001004100,0.001554369
1,6,20009,11001004201,0.075961344
1,6,20009,11001004202,0.065486247
1,6,20036,11001004202,0
0.565,6,20009,11001004300,0.067851592
0.565,6,20056,11001004300,1
0.435,3,20009,11001004300,0.067851592
0.435,3,20056,11001004300,1
1,3,20059,11001004400,0
1,3,20009,11001004400,0.056497939
1,3,20001,11001004400,0.047030059
1,21,20001,11001004600,0.084280167
1,21,20002,11001004600,0.001222024
1,21,20226,11001004600,0
1,8,20532,11001004701,0
1,8,20002,11001004701,0.017806641
1,8,20001,11001004701,0.120811161
1,8,20001,11001004702,0.063090273
1,8,20536,11001004702,0
1,8,20211,11001004702,0
1,8,20529,11001004702,0
1,8,20538,11001004702,0
1,8,20401,11001004702,0
0.872,7,20001,11001004801,0.055467664
0.128,3,20001,11001004801,0.055467664
0.571,7,20001,11001004802,0.091039839
0.429,8,20001,11001004802,0.091039839
1,7,20001,11001004901,0.043722134
0.579,8,20001,11001004902,0.075986385
0.421,7,20001,11001004902,0.075986385
1,7,20001,11001005001,0.002253224
1,7,20009,11001005001,0.021051565
1,7,20005,11001005001,0.030742771
0.266,8,20001,11001005002,0.009060837
0.266,8,20005,11001005002,0.392776524
0.734,7,20001,11001005002,0.009060837
0.734,7,20005,11001005002,0.392776524
0.78,7,20009,11001005201,0.036460093
0.78,7,20038,11001005201,1
0.78,7,20005,11001005201,0.334300763
0.78,7,20036,11001005201,0.005947137
0.22,6,20009,11001005201,0.036460093
0.22,6,20038,11001005201,1
0.22,6,20005,11001005201,0.334300763
0.22,6,20036,11001005201,0.005947137
1,6,20009,11001005301,0.062647834
1,6,20036,11001005301,0.337444934
0.587,5,20008,11001005500,0.019421836
0.587,5,20009,11001005500,0.005575455
0.587,5,20037,11001005500,0.377203681
0.587,5,20036,11001005500,0.226211454
0.413,6,20008,11001005500,0.019421836
0.413,6,20009,11001005500,0.005575455
0.413,6,20037,11001005500,0.377203681
0.413,6,20036,11001005500,0.226211454
1,5,20037,11001005600,0.550947999
1,5,20052,11001005600,0.036144578
1,8,20530,11001005800,0
1,8,20413,11001005800,0
1,8,20412,11001005800,0
1,8,20472,11001005800,0
1,8,20221,11001005800,0
1,8,20073,11001005800,0
1,8,20560,11001005800,0
1,8,20223,11001005800,0
1,8,20527,11001005800,0
1,8,20049,11001005800,0
1,8,20536,11001005800,0
1,8,20270,11001005800,0
1,8,20528,11001005800,0
1,8,20436,11001005800,0
1,8,20539,11001005800,0
1,8,20229,11001005800,0
1,8,20239,11001005800,0
1,8,20055,11001005800,0
1,8,20549,11001005800,0
1,8,20220,11001005800,0
1,8,20463,11001005800,0
1,8,20226,11001005800,0
1,8,20579,11001005800,0
1,8,20535,11001005800,0
1,8,20577,11001005800,0
1,8,20091,11001005800,1
1,8,20059,11001005800,0
1,8,20001,11001005800,0.034517475
1,8,20005,11001005800,0
1,8,20004,11001005800,1
1,8,20001,11001005900,0.109592981
1,8,20548,11001005900,0
1,8,20535,11001005900,0
1,8,20226,11001005900,0
1,8,20534,11001005900,0
1,8,20221,11001005900,0
1,8,20529,11001005900,0
1,8,20217,11001005900,0
1,8,20442,11001005900,0
1,8,20208,11001005900,0
1,45,20372,11001006202,0
1,45,20229,11001006202,0
1,45,20418,11001006202,0
1,45,20241,11001006202,0
1,45,20503,11001006202,0
1,45,20227,11001006202,0
1,45,20222,11001006202,0
1,45,20408,11001006202,0
1,45,20224,11001006202,0
1,45,20201,11001006202,0
1,45,20506,11001006202,0
1,45,20504,11001006202,0
1,45,20560,11001006202,0
1,45,20523,11001006202,0
1,45,20543,11001006202,0
1,45,20557,11001006202,0
1,45,20374,11001006202,0
1,45,20551,11001006202,0
1,45,20541,11001006202,0
1,45,20540,11001006202,0
1,45,20510,11001006202,0
1,45,20220,11001006202,0
1,45,20530,11001006202,0
1,45,20250,11001006202,0
1,45,20522,11001006202,0
1,45,20520,11001006202,0
1,45,20245,11001006202,0
1,45,20515,11001006202,0
1,45,20509,11001006202,0
1,45,20216,11001006202,0
1,45,20215,11001006202,0
1,45,20500,11001006202,0
1,45,20559,11001006202,0
1,45,20213,11001006202,0
1,45,20566,11001006202,0
1,45,20460,11001006202,0
1,45,20242,11001006202,0
1,45,20575,11001006202,0
1,45,20230,11001006202,0
1,45,20565,11001006202,0
1,45,20210,11001006202,0
1,45,20521,11001006202,0
1,45,20580,11001006202,0
1,45,20045,11001006202,0
1,45,20024,11001006202,0
1,45,20002,11001006202,0
1,45,20006,11001006202,0
1,45,20005,11001006202,0
1,45,20044,11001006202,1
1,45,20004,11001006202,0
1,45,20037,11001006202,0
1,9,20003,11001006400,0.000999714
1,9,20024,11001006400,0.102580239
1,9,20536,11001006400,0
1,9,20319,11001006400,0
1,9,20593,11001006400,0
1,26,20003,11001006500,0.104612968
1,26,20003,11001006600,0.120822622
1,26,20003,11001006700,0.13103399
1,26,20003,11001006801,0.066766638
1,26,20003,11001006802,0.072050843
1,26,20003,11001006804,0.001785204
1,26,20002,11001006804,0.000523725
1,26,20003,11001006900,0.086046844
1,26,20003,11001007000,0.087332191
1,26,20390,11001007000,0
1,26,20003,11001007100,0.107112254
1,27,20003,11001007200,0.1958012
1,27,20398,11001007200,0
1,27,20303,11001007200,0
1,27,20391,11001007200,0
1,27,20388,11001007200,0
1,27,20380,11001007200,0
1,27,20376,11001007200,0
1,27,20374,11001007200,0
1,27,20370,11001007200,0
1,27,20590,11001007200,0
1,44,20375,11001007301,0
1,44,20373,11001007301,0
1,44,20340,11001007301,0
1,44,20032,11001007301,0.063251438
0.367,39,20032,11001007304,0.08869141
0.633,38,20032,11001007304,0.08869141
0.978,37,20020,11001007401,0.04687832
0.978,37,20242,11001007401,0
0.022,28,20020,11001007401,0.04687832
0.022,28,20242,11001007401,0
1,38,20020,11001007403,0.046750818
0.007,43,20032,11001007404,0.001742464
0.007,43,20020,11001007404,0.053083429
0.993,38,20032,11001007404,0.001742464
0.993,38,20020,11001007404,0.053083429
1,37,20020,11001007406,0.04798334
1,37,20020,11001007407,0.058183518
1,36,20020,11001007408,0.048323346
1,38,20020,11001007409,0.06744868
1,36,20020,11001007502,0.07773386
1,28,20020,11001007503,0.045645799
0.013,36,20020,11001007504,0.055675974
0.987,28,20020,11001007504,0.055675974
1,34,20020,11001007601,0.099154235
1,35,20020,11001007603,0.097964214
0.328,35,20030,11001007604,1
0.328,35,20020,11001007604,0.087934039
0.672,34,20030,11001007604,1
0.672,34,20020,11001007604,0.087934039
0.154,35,20020,11001007605,0.078711377
0.846,34,20020,11001007605,0.078711377
0.218,33,20019,11001007703,0.092951833
0.782,32,20019,11001007703,0.092951833
1,33,20019,11001007707,0.071336936
1,32,20019,11001007708,0.049372157
1,34,20020,11001007709,0.015087764
1,34,20019,11001007709,0.032888854
0.832,30,20019,11001007803,0.065388952
0.168,33,20019,11001007803,0.065388952
0.229,33,20019,11001007804,0.06014073
0.538,31,20019,11001007804,0.06014073
0.233,30,20019,11001007804,0.06014073
1,31,20019,11001007806,0.043735179
1,31,20019,11001007807,0.035338024
0.098,33,20019,11001007808,0.064728064
0.902,31,20019,11001007808,0.064728064
1,31,20019,11001007809,0.049177779
1,25,20002,11001007901,0.059564959
1,25,20002,11001007903,0.02978248
1,25,20002,11001008001,0.04842708
0.442,25,20033,11001008002,1
0.442,25,20003,11001008002,0.008283348
0.442,25,20002,11001008002,0.052931113
0.558,26,20033,11001008002,1
0.558,26,20003,11001008002,0.008283348
0.558,26,20002,11001008002,0.052931113
0.289,26,20003,11001008100,0.003784633
0.289,26,20002,11001008100,0.049509445
0.711,25,20003,11001008100,0.003784633
0.711,25,20002,11001008100,0.049509445
0.663,26,20003,11001008200,0.013567552
0.663,26,20002,11001008200,0.047379631
0.003,45,20003,11001008200,0.013567552
0.003,45,20002,11001008200,0.047379631
0.334,25,20003,11001008200,0.013567552
0.334,25,20002,11001008200,0.047379631
1,25,20002,11001008301,0.0393841
1,25,20002,11001008302,0.035438707
1,25,20002,11001008402,0.043469153
1,25,20002,11001008410,0.023043888
1,21,20002,11001008701,0.043364408
1,21,20002,11001008702,0.032401103
1,21,20260,11001008702,0
1,23,20002,11001008802,0.068852345
1,23,20002,11001008803,0.027373346
1,23,20242,11001008803,0
1,23,20002,11001008804,0.050801299
1,23,20002,11001008903,0.05879683
1,23,20002,11001008904,0.090010824
1,24,20018,11001009000,0.215420836
1,22,20018,11001009102,0.253443202
1,22,20002,11001009102,0
1,22,20042,11001009102,0
1,22,20090,11001009102,1
1,22,20318,11001009102,0
1,22,20066,11001009102,0
1,22,20244,11001009102,0
1,22,20050,11001009102,0
1,21,20002,11001009201,0.001326769
1,21,20017,11001009201,0.075428434
1,21,20002,11001009203,0.043992877
1,21,20002,11001009204,0.008519256
1,21,20017,11001009204,0.122978518
0.998,22,20018,11001009301,0.053443202
0.998,22,20017,11001009301,0.178252474
0.002,21,20018,11001009301,0.053443202
0.002,21,20017,11001009301,0.178252474
1,22,20018,11001009302,0.03472631
1,22,20017,11001009302,0.029326575
0.542,24,20018,11001009400,0.208946439
0.542,24,20017,11001009400,0
0.318,22,20018,11001009400,0.208946439
0.318,22,20017,11001009400,0
0.141,20,20018,11001009400,0.208946439
0.141,20,20017,11001009400,0
0.543,20,20017,11001009501,0.0391021
0.543,20,20011,11001009501,0.062899454
0.543,20,20064,11001009501,0
0.457,19,20017,11001009501,0.0391021
0.457,19,20011,11001009501,0.062899454
0.457,19,20064,11001009501,0
0.011,24,20018,11001009503,0.015185403
0.011,24,20017,11001009503,0.145788076
0.113,22,20018,11001009503,0.015185403
0.113,22,20017,11001009503,0.145788076
0.876,20,20018,11001009503,0.015185403
0.876,20,20017,11001009503,0.145788076
1,20,20017,11001009504,0.172821627
0.875,19,20012,11001009505,0.014703453
0.875,19,20011,11001009505,0.044193297
0.125,17,20012,11001009505,0.014703453
0.125,17,20011,11001009505,0.044193297
1,19,20011,11001009507,0.024045207
1,19,20017,11001009508,0.012913348
1,19,20011,11001009508,0.062236945
1,19,20039,11001009508,1
1,20,20017,11001009509,0.156287714
0.107,31,20019,11001009601,0.03428838
0.893,29,20019,11001009601,0.03428838
1,30,20019,11001009602,0.06204564
1,32,20029,11001009603,1
1,32,20026,11001009603,1
1,32,20019,11001009603,0.068537884
1,32,20019,11001009604,0.039031217
1,39,20032,11001009700,0.085322646
1,39,20032,11001009801,0.05268049
1,39,20032,11001009802,0.050879944
1,39,20032,11001009803,0.087704014
1,39,20032,11001009804,0.061625138
0.114,44,20032,11001009807,0.090550038
0.886,39,20032,11001009807,0.090550038
1,39,20032,11001009810,0.071324853
1,39,20032,11001009811,0.161526398
1,34,20020,11001009901,0.029240512
1,34,20019,11001009901,0.015044902
0.837,34,20020,11001009902,0.044200774
0.837,34,20019,11001009902,0.010846324
0.163,32,20020,11001009902,0.044200774
0.163,32,20019,11001009902,0.010846324
1,33,20019,11001009903,0.028495899
1,33,20019,11001009904,0.0462621
1,33,20019,11001009905,0.055436769
1,33,20019,11001009906,0.029506667
1,33,20019,11001009907,0.04544571
0.686,8,20001,11001010100,0.007910255
0.686,8,20006,11001010100,0
0.686,8,20005,11001010100,0.242179942
0.686,8,20043,11001010100,1
0.686,8,20036,11001010100,0
0.686,8,20424,11001010100,0
0.686,8,20420,11001010100,0
0.686,8,20572,11001010100,0
0.686,8,20571,11001010100,0
0.686,8,20223,11001010100,0
0.686,8,20071,11001010100,0
0.686,8,20533,11001010100,0
0.686,8,20530,11001010100,0
0.686,8,20268,11001010100,0
0.686,8,20439,11001010100,0
0.686,8,20230,11001010100,0
0.686,8,20229,11001010100,0
0.314,6,20001,11001010100,0.007910255
0.314,6,20006,11001010100,0
0.314,6,20005,11001010100,0.242179942
0.314,6,20043,11001010100,1
0.314,6,20036,11001010100,0
0.314,6,20424,11001010100,0
0.314,6,20420,11001010100,0
0.314,6,20572,11001010100,0
0.314,6,20571,11001010100,0
0.314,6,20223,11001010100,0
0.314,6,20071,11001010100,0
0.314,6,20533,11001010100,0
0.314,6,20530,11001010100,0
0.314,6,20268,11001010100,0
0.314,6,20439,11001010100,0
0.314,6,20230,11001010100,0
0.314,6,20229,11001010100,0
1,9,20228,11001010200,0
1,9,20202,11001010200,0
1,9,20414,11001010200,0
1,9,20411,11001010200,0
1,9,20410,11001010200,0
1,9,20597,11001010200,0
1,9,20594,11001010200,0
1,9,20591,11001010200,0
1,9,20585,11001010200,0
1,9,20554,11001010200,0
1,9,20553,11001010200,0
1,9,20547,11001010200,0
1,9,20289,11001010200,0
1,9,20260,11001010200,0
1,9,20065,11001010200,0
1,9,20254,11001010200,0
1,9,20472,11001010200,0
1,9,20229,11001010200,0
1,9,20024,11001010200,0.180257125
1,9,20013,11001010200,1
0.121,40,20012,11001010300,0.217743268
0.121,40,20306,11001010300,0
0.879,17,20012,11001010300,0.217743268
0.879,17,20306,11001010300,0
1,39,20032,11001010400,0.103211942
1,39,20020,11001010400,0
1,9,20024,11001010500,0.376337319
1,9,20003,11001010500,0
1,9,20229,11001010500,0
1,9,20423,11001010500,0
1,9,20204,11001010500,0
1,9,20053,11001010500,0
1,9,20416,11001010500,0
1,9,20201,11001010500,0
1,9,20403,11001010500,0
1,9,20546,11001010500,0
1,9,20219,11001010500,0
1,9,20515,11001010500,0
1,9,20472,11001010500,0
1,9,20237,11001010500,0
0.989,25,20229,11001010600,0
0.989,25,20417,11001010600,0
0.989,25,20407,11001010600,0
0.989,25,20404,11001010600,0
0.989,25,20402,11001010600,0
0.989,25,20549,11001010600,0
0.989,25,20544,11001010600,0
0.989,25,20529,11001010600,0
0.989,25,20507,11001010600,0
0.989,25,20212,11001010600,0
0.989,25,20426,11001010600,0
0.989,25,20002,11001010600,0.112530987
0.011,21,20229,11001010600,0
0.011,21,20417,11001010600,0
0.011,21,20407,11001010600,0
0.011,21,20404,11001010600,0
0.011,21,20402,11001010600,0
0.011,21,20549,11001010600,0
0.011,21,20544,11001010600,0
0.011,21,20529,11001010600,0
0.011,21,20507,11001010600,0
0.011,21,20212,11001010600,0
0.011,21,20426,11001010600,0
0.011,21,20002,11001010600,0.112530987
1,6,20035,11001010700,1
1,6,20006,11001010700,0
1,6,20037,11001010700,0.053997117
1,6,20036,11001010700,0.430396476
1,6,20421,11001010700,0
1,6,20203,11001010700,0
1,6,20419,11001010700,0
1,6,20229,11001010700,0
1,6,20226,11001010700,0
1,6,20577,11001010700,0
1,6,20555,11001010700,0
1,6,20223,11001010700,0
1,6,20218,11001010700,0
1,6,20526,11001010700,0
1,6,20063,11001010700,0
1,6,20503,11001010700,0
1,6,20240,11001010700,0
1,6,20062,11001010700,0
1,6,20437,11001010700,0
1,6,20434,11001010700,0
1,6,20433,11001010700,0
1,6,20427,11001010700,0
1,5,20415,11001010800,0
1,5,20405,11001010800,0
1,5,20226,11001010800,0
1,5,20052,11001010800,0.963855422
1,5,20223,11001010800,0
1,5,20552,11001010800,0
1,5,20508,11001010800,0
1,5,20505,11001010800,0
1,5,20240,11001010800,0
1,5,20451,11001010800,0
1,5,20433,11001010800,0
1,5,20431,11001010800,0
1,5,20429,11001010800,0
1,5,20006,11001010800,1
1,5,20037,11001010800,0.017851203
1,39,20032,11001010900,0.081489226
1,9,20024,11001011000,0.340825317
1,9,20319,11001011000,1
0.328,24,20018,11001011100,0.218834609
0.328,24,20002,11001011100,0.00946196
0.133,23,20018,11001011100,0.218834609
0.133,23,20002,11001011100,0.00946196
0.539,22,20018,11001011100,0.218834609
0.539,22,20002,11001011100,0.00946196