zip,med_dental,med_prev,med_active
20001,2044,2465,3866
20002,3578,4406,7039
20003,2351,2313,4606
20004,0,0,0
20005,212,257,366
20006,0,0,0
20007,65,92,189
20008,77,101,191
20009,1838,2209,3125
20010,2321,2885,4047
20011,6550,7888,11390
20012,797,955,1457
20015,60,73,142
20016,85,110,201
20017,1045,1185,1914
20018,1522,1648,2615
20019,8067,9296,15137
20020,8095,9562,14888
20024,607,775,1192
20032,5830,6987,10887
20036,0,0,0
20037,0,0,43